<?xml version="1.0" encoding="UTF-8"?>
<!DOCTYPE configuration>
<configuration>
    <!-- 标准控制台输出 -->
    <appender name="STDOUT" class="ch.qos.logback.core.ConsoleAppender">
        <encoder class="ch.qos.logback.classic.encoder.PatternLayoutEncoder">
            <pattern>%d{HH:mm:ss.SSS} %-5level %logger{80} - %msg%n</pattern>
        </encoder>
    </appender>

    <!--就是在控制台输出并打印日志-->
    <root>
        <level value="INFO"/>
        <appender-ref ref="STDOUT"/>
    </root>
</configuration>